vid_id,is_turkey
pyKh38FXD3E,0
THhP1idrWXA,0
jsw3T6GY2Nw,0
nFkXTMHcjMU,0
Au8g9kAlrLQ,0
tgk3DUpRI-w,0
BczNwyCGlH4,0
zB5eXpmJDTM,0
099z8epFcfc,0
lQ8DMnq415o,0
GQiufwoajWs,0
INo_-jgqN8k,0
hYRPxAli0qQ,0
3Gz_nevdXMw,0
pRTdKKDW-eA,0
Bea4YfWKAgY,0
De-ZGbFCAes,0
bWb7maOK2N4,0
3yShrSi_g2I,0
nUG2f3kzojI,0
98MOYVfyKy4,0
DntcoNVqEsQ,0
t_acOLqB9ZA,0
Di9E2EwpD_Y,0
AMrMa379dY0,0
phWfXmcDeRw,0
AyACodY0hek,0
U3YigFH5bMs,0
sLHYvqfduwU,0
xfGXhVboW9U,0
GyjR5V0Sj94,0
FcyOVSjbUEM,0
NhKRCuCg0-g,0
B_BlG6QhyCI,0
CjPlMp0ToQc,0
A5Ka8Yaonr8,0
KJhk0LgrjeE,0
heJYXuYA5Cc,0
GFeMt2veznA,0
mJo_u5KPNMM,0
ZdnL9LMvJBw,0
lrOISIMtHXg,0
31apnEcdIQc,0
sO0LPs5WtBo,0
lqeHb_00T1A,0
dPmqNGO-r44,0
8hxuHS7nEwk,0
TDNnNmgqhNI,0
D-j1bgH3Wyg,0
xvxZQDfQblA,0
FDHIsDKSXlc,0
i_ER8O87unM,0
nwEkhvUErao,0
CEp4vODphO0,0
LTuFpwlB-T0,0
kcVZrmJVApc,0
QvLvRJUUiQE,0
4Il_1KO7OKw,0
SCV6o1mfDOY,0
Iqg21fWbKeI,0
DH-cwvd2VSg,0
oDQb7qZsz6o,0
ApdF9IbnQj8,0
l7wdJtEJrRc,0
LLsKr1v6uE8,0
SY3Ygqki2gY,0
p95rtHcQ528,0
1GYfkje0--U,0
8fF7rdKKDR8,0
7Xq4CPPbv9k,0
ktbMfk3tzqY,0
ebJqGsZAfJs,0
uIhCgzZzndE,0
PDjJILVcNGQ,0
YKTAXQzbWzw,0
fKZ3q6ct1uY,0
1HEVToMSVwA,0
LG7XGMqy8D8,0
c3k--UetrVY,0
BvMTHWZtpdw,0
VPWDdoixoVI,0
mcGkciLmutQ,0
KyvUAhCgn4M,0
xfwe0Xtz9_E,0
cxkCPSXyT-Y,0
d5qR0aff0Kk,0
APV65gMZT18,0
lTN3L_6_YeM,0
D_TkPLA9f2s,0
aCo2by5QPDM,0
ItJ_voFKxVY,0
RbVtm-unojc,0
nbtyzsRecK0,0
6T6P0S7B75o,0
3T00Vj88Mqw,0
uGeQQjHBHgs,0
hSMmYRRe5ng,0
X_JUmtbYjfE,0
fbWtQ2GWKDk,0
1dH-lZ8TNLU,0
PMVia-zf_3I,0
JviwO9Zj7OU,0
G6HAixRtRKA,0
tXsDL6DpBYM,0
DbHZZt5lRy0,0
Bjf6zcZXTCY,0
Pz8w3ZDCD3w,0
Z8-hoaD2zN4,0
ZiLrtELgMMY,0
NryjtBZZIHs,0
bzjimtt3rGk,0
mVRE2rICraI,0
wsVx_nQXv3c,0
Dxhl3YQ0d7A,0
9si5vOH8bJU,0
TRlqJ1JJylc,0
oowTjWgAi4A,0
Ui1oGt8MlJA,0
fIXziy4uYao,0
ddbIpqxNADc,0
X8LsD1x5Ot8,0
HAS6G7Uq4Oc,0
hOT8MRkReAM,0
q84yP8KZGhw,0
GJC2EcC73vs,0
DLLWOFquoB0,0
FL_v2PhMd9Y,0
6PD-aHrl0ME,0
3HqpH4c_kn8,0
IH0Hswbh7KA,0
ZD1RKeEkKmI,0
_JkYH257o2c,0
KXINjeZKQ6Q,0
Q3xRKT6koZU,0
BTTJ9-MRcYU,0
bv-D6HE5lIs,0
UBnuXvoVclc,0
hLV0CNMNm_g,0
E0CaC-gyAuo,0
tXt1qr-rE7U,0
hwa8-_avXeU,0
JTI3fR5ipko,0
C4lC-fS1_aA,0
4Fq83h_zrFY,0
c3ksYeOPU4I,0
t9MMldUrBag,0
r6hA0ZG76_4,0
uqvAwXNZrsA,0
0JmwhBQgF2k,0
UxDEeFutnw0,0
eR3r2cnzb1g,0
lkeAY5br9E4,0
Sx2O_jKPQ-4,0
K51wC0WjvJs,0
6jeKcfkacNA,0
PgiVYe0HbNg,0
8kkYR1s6r8E,0
4QD-qgn9Z6w,0
5TOCsNGJ_FE,0
PIYGqo2AOGg,0
TM9rc0zFmTc,0
AfkrehNyBXU,0
bnJP3pWTgyg,0
ZYze8q72FT8,0
2m3lcde7WNI,0
0nfvljVJo14,0
FKChDiQQ6uo,0
zOkH1PgKlnk,0
sIumcUApZN0,0
tZSBFkTrfPo,0
gnUtSG7wD4U,0
s81NFqjqYis,0
tlrbGBZJFi4,0
--sIMPsphRI,0
eORQVKEEP-I,0
ERr5MnuOy4E,0
ju1sNgklH2M,0
B1OYsV_Y85Q,0
XPD0WgFfzXA,0
BF7sh0Ugn-8,0
ng6q1klBoSk,0
Uu3aYu8h8KY,0
5id-y8MCVH8,0
d0VnBP36O9w,0
K5v8nJ7_A4Y,0
JXuT6EkFcoU,0
6Tv6Fl3zeHM,0
Sgo3iJvWzaE,0
N3KLEZQa4h4,0
slFRHUHoadw,0
JPAQdPvP2dI,0
IB1Ryi-SA6g,0
tA0tFeiW0DI,0
jLTxmaVmVSc,0
fhDrZf9QZOk,0
Vj5bi80uPuY,0
-2TDIQvBy6s,0
SxThhN6OH9g,0
p0spFPUQ6wI,0
PHlxk8gVbzA,0
4bkhAlgw-44,0
BqTAW7c8QlE,0
1U32Qq3w8S0,0
WaRNp7DL-mc,0
Y_y9SQ7U6Kc,0
5xWN3hFGfxg,0
hAukn8dWZ2M,0
nVpU4g6jWu8,0
7hzbwHgtOaY,0
grcTexblerg,0
t7TzRna5fS4,0
j8UVfQjK9Tg,0
YudutNqoRWQ,0
6LRQ3IAn5uk,0
ARwr6Uyq9lk,0
z-ZsxyWX8qs,0
7xI6rK0Siv4,0
E8pqau9WdT8,0
UO5G1J06PKg,0
SqTd3KJndFY,0
kD090VcrKjI,0
5HrA9jB7zrU,0
zAyqw9x3Bp8,0
_YIr1VrAZIU,0
c4_AaYfdxMI,0
OAv8M6JffT0,0
v3h_4fbY8SI,0
g_Z2w6mvjbA,0
KWX9cmLH6NI,0
Rx55i0IvDoM,0
uZkDsB1blm4,0
7cQgkB5dilE,0
lLdaRlWf2GU,0
aOwuwy7VZKE,0
LzxWO9WEgNg,0
8HAXIPzqpOg,0
cuBsjHHg5jE,0
Gm9mhMg5fys,0
gN3_uXTUbNw,0
o11EnyVjT3s,0
Klhc6APAS7A,0
4hCbu731GqA,0
TWXTQWx3q-s,0
c0CcqlqwyRI,0
NcONXUDh5Vo,0
DrI_lsVHdIU,0
1PzuHLQzyfQ,0
YcgL5Pz5BSA,0
acr9RUaO2io,0
ooQEv0TkgnU,0
CTIbTg9FQks,0
AGRcfesAhDI,0
J3GKypR2a7E,0
JLO6Bn_L3pA,0
W13DqrxBm9s,0
oGgoiKCyeH8,0
F4zFH99tQkw,0
egChkSgroA4,0
xWs3njVJ9Zw,0
DJC1vdVJUn4,0
ZSjJ0Wop4m0,0
k2ehUNirfP0,0
i3cQ0amXtCw,0
ScNLWuogqpI,0
WCeiVNDg4pY,0
zMTikzGfrws,0
0Mu7Q66ojvY,0
ZLSBdvmtuLM,0
DK1i1jKd0l8,0
ETOorNNFxFw,0
RTPvz6DEWXc,0
sKglR9n1aFg,0
tcli3RyxCsc,0
bpDicRIWZH4,0
2cIiXSCDTlw,0
Pk8W4jz9kPs,0
ehhMjlXEkNA,0
-0fOTY1jBhQ,0
SbThlufJzp4,0
J5sSgdJIU5g,0
DDzZsupfFbk,0
dKR01PEdsN4,0
hTnQNEYSrAE,0
UqpgzTeqZUU,0
ubt4wZTuWvw,0
aRZMQEFsvek,0
MY3NZD4F2us,0
37ey8VFjqX0,0
1neC7OSHueA,0
WXq3kj6Av-A,0
YU1T92otSY0,0
wDPhumUQLIo,0
-hlEMlNWUPg,0
qXQb2pOtOrY,0
TaMyZBtIbls,0
IEpswDTC1CA,0
qyBYm0gQ02w,0
AtiDw5r8sYA,0
ZU-zJHTAUt8,0
0MYkf5Kw78s,0
y8WZHaNzyxg,0
i6NCYLRcB3c,0
4gzbc0BReek,0
lVNuPwIXlRE,0
tqMZ7xMB5AU,0
B2T7zDpOBKw,0
6Ch2m_uN1cg,0
lpwx62dVdjc,0
KZvdxCXpMcY,0
Yb2Gk-EeKUs,0
ILXnLrVlySY,0
qwRE6uoA1ZY,0
CiPkt1ekb_E,0
ITTlr3peK38,0
s8oh4kDYt3E,0
5cjYO9272BY,0
WcmqC_52404,0
nxYQfmxiF-8,0
mzKUqN4vH3k,0
vbjKftKNUv0,0
oLPMHyDKQnQ,0
7o2eDzobS3s,0
4jDqaqqvLVQ,0
OXwG4LoZ3CM,0
5-Eu5QrzGag,0
E7yWNxBA0NY,0
0ccK49fwj1o,0
EcSUGDDLKqo,0
qkXBnjfbIR0,0
qy3LAwRuo6k,0
mXVEv8g2y8o,0
Z1zOTX3uKcw,0
BTyukY7Tb-U,0
_Ya9PYJRLmU,0
uM2D-7BcDPY,0
iaskbAjwh4w,0
v_MHmB23Qes,0
FjEhvn-gzS8,0
9-zp7DOUSa4,0
GcVPsstt6lQ,0
76kVWkYoaKc,0
xswGyvlMvJQ,0
CWk_lxDRXZg,0
nhBOCaPnrE0,0
UvZq4ApsVNo,0
KwV6rzffSLo,0
oUlNqkYKRmA,0
ZatGvtKsLPI,0
32Xc593-NII,0
ctp5OzU0I4c,0
hcfj5h_bGWI,0
NrrbHWpROFM,0
iMSMvQWI2P4,0
wFftnwMmMiA,0
4WpbCiW4YZ0,0
XTm2n99n6aM,0
6TKsKTkl9jA,0
OxbHUMFOxnk,0
pYrPT2l-CQM,0
U-_urtiBVvQ,0
cjwLaIZUw4o,0
C6stse_AFpQ,0
fqC3qK22QZg,0
vViUmqUrww8,0
FxhFiPaJdFY,0
j5KYXEYkoPA,0
2GfCAtKutOA,0
7pPocr-Pfto,0
XrdUXZ1icBc,0
AH2YEmKENLk,0
259QGi4PNAc,0
hOfRuSw28l4,0
4ymnL9Y1A9Y,0
EOzdp31eHtc,0
VkQxJl99gfg,0
WlUSFD1qM_Y,0
4eOIP-P4HXQ,0
i1Ppn7Zq_zc,0
kmvs4OZDqFM,0
cUWjUGy_y0M,0
U6eIWvDKllk,0
7CyRRHgz9E4,0
gQby3qzwwQw,0
-RRJMkzuqlQ,0
c7XLVNd99fU,0
ofcOcZ4a99U,0
ql3B5vv-B-g,0
5eihlm59U4Q,0
qDV4D9cqmAA,0
Urx-eh-6YLg,0
pcSMEG5Wdqg,0
hN7T9y4m3qg,0
krkLDF073_k,0
CrWiG7dvZIg,0
iaGeGqCEsJI,0
Y2s64LfemLc,0
toUZY1lkDKc,0
aT3b4INWCAo,0
zyYa2-HKxDE,0
RhJr22ddzPM,0
Rl8gLsg7d_0,0
JyqYZ-UTG7w,0
UxcXLU1xnw4,0
_8TpsohGbQQ,0
VKvB5dwL9Qg,0
n98PCxRsvwE,0
EQTeF8RWoMg,0
LzHKfeV8_IE,0
bUTY_c6S3VI,0
M5ZRPPe34R0,0
R3SiRmZLFhc,0
tPbEeh6nzLg,0
2FGfxOMZoK4,0
FyrUn8i_pH8,0
Rfv4A38BkcY,0
8oYnpbB4HsE,0
K3r7NucjGTE,0
OTSNSA1XO1E,0
c9-ilanl8dg,0
dfD7GGotexs,0
Mrs-siZmviU,0
89AAdV4lkag,0
zy1pgd3eIOk,0
4oliV6d_kN4,0
EIR2KR7Qt2k,0
g-t2t6oBmrI,0
GnlIJBRz3JI,0
Auc5nWhuA8Q,0
maUHK05OFy0,0
mhfbL1nF32g,0
C8I8uxb1Veo,0
Z-gZSzl9uX0,0
EodzL5d9A78,0
D_fChPuvQnM,0
BqBRvhsVNKM,0
OvJ8Cgu-xbY,0
1LknL4xMO3M,0
nZ-9wCYr698,0
S-NJ5GMSmvc,0
ub1tbOjpSvs,0
kPeuZwlaSkY,0
d3nNOkKIBbQ,0
TIX77_ZSboY,0
Wfzv-cabWLU,0
UrEcuHTzO3A,0
flJI_IW5-jM,0
Y9d_QPFIyWE,0
up_pFUwhlOU,0
rz-K_ts17Oc,0
hq5YMyeny84,0
_Yl5QJ5FbMU,0
L4UMBsZwk-Q,0
c0-asX2FuPk,0
l9yKYfvWMB4,0
VFKg_VX0nf8,0
-l1eztcQKAw,0
9R4qwSl7u2A,0
OpaVr92qexM,0
Yxp6ClbMlhE,0
t8aqk9cM-FQ,0
70oARHTT63c,0
Fihamhv6TJo,0
FHkt1s21eVA,0
onNydeX34wk,0
THSEWtET5cQ,0
C3b8jerdX2A,0
wAFz-WuuJ4o,0
oMmqKfmiDC0,0
YEJ38Kh27N4,0
g2Fq2-zUaO4,0
bdCPo2GAXSE,0
IN2OKigCe8c,0
VYfk9AY59dE,0
htmuNeT0_8M,0
p32OC97aNqc,0
Mtb2lUNEykI,0
KcWPqFhrna0,0
kY9d7K4MXDw,0
R-dggjvgR_w,0
Dm6_T2Atzuk,0
FJmnucB-Wik,0
ObLV4-Sfkyg,0
VR-u1SD3HEs,0
P4OF57vJwUg,0
eqOD_60nLOI,0
Jwo-2ljdpXk,0
riUy1sJqgvM,0
Xh8WqnBt8E4,0
jBG8qw_2KvE,0
Z4Cp4bSTwFQ,0
iwZ28tzXKRk,0
fZpo0Y14UwU,0
STIRV-ZBOSw,0
XuGaYYdtZEc,0
6yRsPPALSE0,0
qEGAx0gxer4,0
en3jgnO6Pxs,0
ZkbMZSs9SkM,0
ns0EvV1hd_g,0
Qpy_z8mnBBE,0
ajoJp0eo6Kk,0
KGTL8rFxk_c,0
cdhpPQr5xnU,0
AaApDRI2C1o,0
8ILx05DE7XE,0
4UAq0hu3CA8,0
Fn94fVXSch0,0
aHQ42pgXh6E,0
STrTdm1cUCE,0
UEfewQ0-YCM,0
fCOGueSYxME,0
_OOCcxvETVg,0
c8iyYjvNgmo,0
GXAnvxEGiTA,0
UZdqjHxo9o0,0
zIyB8-aKSfI,0
byb8WjknZxw,0
J9ZQcJJBmj4,0
QxzevgLLaMI,0
X0LJpGBl0tE,0
AyTKILuAzDc,0
1QqZNlkUkN4,0
3gVPJ9R6tA8,0
Aa0FU2EIMZ4,0
LuRuBVqk61A,0
1uyZNb7V7Bs,0
Iatpqn_pV1k,0
KenV2bIQf1o,0
HEYApdJDltQ,0
HV8TdUaplzI,0
A0OoUDy1et4,0
bgYoWcUZmDM,0
OkA989YdFIg,0
RJ44KbKJek0,0
iDQOcUIz5PQ,0
qxgJKGq6uwA,0
wc-L04HbsvM,0
Df9PxGUwi9Q,0
zFROQ9U4kuE,0
ryLauoALvuM,0
V0JWJOp2u2Q,0
IMMwnXIhEIc,0
P7BUo5gWeDE,0
hSBFPqu6kpQ,0
WTRH2JIPnd0,0
NlcoTbqLOaw,0
zFx-7l_jUPs,0
B_VbEZndKwA,0
A89nsi8jvx0,0
qKJNKr7rXWk,0
0DPHC547TJ8,0
_D4kTqhXfew,0
Y0-F3Q-39Sg,0
QM-II8gdFCc,0
zI5SOz-vTZ8,0
pNOBs3c8Cz0,0
El3h3rjQdWM,0
W4zX2_hpNOU,0
_4doKDSYLvs,0
zv1ySnEmWwY,0
MVDR9JeJA6o,0
CwZbOyP1ep0,0
XQXjJ353Yho,0
XNUFx1nSs3k,0
B8X__kC0pjI,0
CV7DLq1wN0A,0
aADZSIo4BuA,0
BzqwqyvW_wM,0
Mf5ytSQBg1A,0
Tqd7YTwQAWs,0
qIIUZUHMpao,0
rKW8_GrRAzQ,0
13AMLEH6qXU,0
G_QyUROU9cE,0
FRLV9WnpnuQ,0
BCe-NWZEOVM,0
Ih7sLCzExYU,0
SL30gbU5F3I,0
35TJzkXuJ1w,0
EKMXyhAK_VI,0
VWRn3YRHGAM,0
Do47Ww6pxvY,0
XwhhEtyGMzM,0
nVlmth89WQA,0
AocPl31STvQ,0
I04PFDkq0Cw,0
GMf18ghyXMY,0
AGsqLzdDniw,0
mrLnNUCJ34A,0
KQ5BON0vnIU,0
gARmdkNnzGE,0
a_8hdvvXGN8,0
WdGkP2ID5S4,0
lpwGlmTnPTs,0
DxmbqryhlGU,0
AKZrCAcK1EQ,0
uA8Q7O20utA,0
XFMoSsad3YI,0
tqWABeEX7Bg,0
E_k_YuELbYw,0
EMw8pNpJLlA,0
pbVghRdZCxY,0
Q4bL65-Ef2g,0
LaVpG4TENr4,0
86PXZd6Qt9I,0
B9skA5Rp2Sc,0
hMrESrAMqk0,0
N_Hd5Ld_4Ms,0
QaNfXjnGcG8,0
Wtcq4hUciM0,0
frNeSUlR8ZI,0
TJrJev6Ec2o,0
Wxa36SSZx8o,0
NzfJh_JrKHI,0
Wq04Kly8t-w,0
dwemIEZ1VP4,0
YWpQDMEu2qc,0
Jq4Pt1d1ZFo,0
Lphn5qUNRoA,0
-tv06vl4t5A,0
luUp1v1wJoI,0
YJL4vEW0s0I,0
3fDjNipMPEQ,0
Fu0NCH62iVI,0
JRaTGGl71U8,0
Ujy8TOYFqb4,0
Mag1V-yRrF0,0
uu50XVcVmdc,0
P1-oIS_YByw,0
GD8ojWJjv-A,0
vFlJzIeTPrs,0
E8LTVpTVHIU,0
AiF3tOMHqUc,0
1L7xiSWQU4w,0
eQiossnV_E4,0
_bjCXk9GP1Y,0
x-09y2AK5hA,0
jzSfx_iO63Y,0
TQMQvgurnRw,0
B9doP1IgE54,0
bPatTVFJyU8,0
fQGQN4uZs5E,0
mSTHICFPkv8,0
Dvap8uNqh2g,0
Lb30PEc6a70,0
9jkiIoHQ-Og,0
cY6KAjqmoaY,0
oOeikG4XSsE,0
rmOLDsHfnvw,0
vzJOMUqQMPo,0
tthkQZPufLk,0
MMry-wMfBkc,0
6xlV_D4yJDc,0
3B0WbwAkByI,0
P--7sSuEa5k,0
DiV7Z_THBpc,0
JBsin8hJecY,0
OsvvjkfATWM,0
_NDbOte9tZY,0
4pUiO6uQU40,0
ZXyJOxosVRo,0
dWnTyIPNI-A,0
N0Xy2WLz_9I,0
GvhlKpLarQQ,0
7FHHtRuAz0s,0
AkjSEMJ28hE,0
yBVehT0fx1U,0
QYcO_NK8gPs,0
QMCypkZl2po,0
F-VDKvUhuLE,0
IqAuy_6ja28,0
KvCk1wsB9IA,0
NZMncbs1FuM,0
_IjVZ50LcxE,0
80itAq6TeMM,0
0vw9f02o1UU,0
sNY_6diMbXs,0
vOW14j6EH70,0
t4-jusa4zPg,0
MHYfT3OaznM,0
mn3JTlQG3Ic,0
uOu5aalETFo,0
qjD9cE9hE5Y,0
6o_34a_o_1s,0
XVx-ocj-wJU,0
5k6EjPymsRc,0
Nvw17Sd1lLM,0
BgKa3BtRf9s,0
Z2ktexkRb4w,0
_4HKv8Mhqyw,0
5-2SGJBJptg,0
jwTDBf7WFDA,0
I4asti_Iils,0
kInl1lquBpA,0
DjKIMh7V1Qg,0
41kvpjQn3fU,0
Zl40BEeqlk8,0
CHidPgKcFfY,0
p0jO4Dqcl54,0
VCp0lCRH7Ok,0
M6EbDwxBn_U,0
Lp6-CQJc6GU,0
tngZDnTdpZ0,0
RJ_sTc5HSUg,0
ZomI3Zh6oOQ,0
k3j5DnOikVA,0
KZ0LNN7p0qw,0
SYW7v21e5Lk,0
cuzhajQfvrw,0
WWbOVIhEgUM,0
E1mDqBvQPJQ,0
1n_PXw2Q51U,0
7QGlX9E-8k8,0
0IP8Gg6l5oU,0
VCPACYIYqbI,0
gHVLCrARoxk,0
7M698v3jXC0,0
Pk7kwh8X45c,0
I7vb32VzyYU,0
m85-T4oTeMY,0
95MSkigqNQE,0
W77s6g96F5g,0
f6eR6eLvaIg,0
JBT_qsKqTJM,0
6lkDEwWnwkI,0
6Pwu0YH6UhA,0
Lw0fjxEQMnU,0
nvBGbgar9lY,0
IR5_Cpi79-g,0
oKuNRxVKhtE,0
UvqewMAOuTo,0
H9nKSRtcxiY,0
PFIhrEx0IX8,0
0XNTAx0B8G0,0
9klYVZBdgWk,0
912jzpxfVAA,0
TkszD5aatCA,0
Jiv5wECdVi4,0
3uGtVmyc7BQ,0
AQeTPIThMhs,0
9gzIxXMkRuM,0
i_OQTHZmkRE,0
variDaE3fys,0
Kw5Lg825pM4,0
iK9t1zYxPqk,0
Lu9fYcc6O14,0
_15dlj2QVmI,0
pLObOvNq6pg,0
QQzwyoU2EhM,0
Y6-EXl7Njzg,0
Aa2MuuhTthg,0
_uwH519BK68,0
Q2bJV9GtLo0,0
b1uHxEAPP88,0
Mgxs9mF_m3s,0
XgSC_WM0bTU,0
NeP2FJ2Hxg4,0
TNc8ilUZlDQ,0
ggOXK8CcEys,0
MqvjPZwcFao,0
nMNUV_8sY4c,0
KUpuig7bLwk,0
NOO6gCjFV-E,0
SusfA7SpV-A,0
OS8kRX5WnSI,0
JjMiy3Z1Yko,0
gLzQdo7-P2k,0
QDqBJwoQcNY,0
CA4RVYgk74o,0
cBvGZZtTrdQ,0
E18MLcHBKkg,0
RS8r6AkEZhw,0
4rAITKvoRKw,0
5bcG8Oif0JI,0
j5Hv6xZP9lY,0
AEw2McqLRQY,0
4urmRGK5CB4,0
V43D8xN6dTc,0
2sh0D-0RmWM,0
Br2-nDM5zvY,0
eNmNBEufhqY,0
tp9Ra5CTifw,0
y-buftBOpUk,0
-5MpAJy294E,0
P-r-Dzsgg10,0
LostCc3fwn4,0
fK4QBQZ6i7w,0
6vNi1wbY_Z8,0
0I9RAH6HVP0,0
NmdQ-AgFMQk,0
AfZntftd_1o,0
3C2Eep8qnwQ,0
3jpO9879Epo,0
sK4PNV9RcR8,0
GR9DKMuctTE,0
SFMXcbyHbF0,0
dV1mCaptukw,0
bTvnntIgrVQ,0
_tP-V8l2fmA,0
u7x_dbTr5xQ,0
dK1GZ9Nd8g0,0
lryWG0dCA_4,0
PB_w_dU9J30,0
dLGETnvrxHY,0
qKo4CgvYhv0,0
o-8keSiTc88,0
1OU2gF8rWxM,0
hUyeJCYfh80,0
xThlCygD5Kk,0
X43z-6hYpf0,0
ayIB3YflJEo,0
whLPvsKEecI,0
jo0IIkmCdhw,0
vzIUvQLMRJU,0
NFoKGtEhFjU,0
1vglQi0k3C8,0
HunNHkOaWu0,0
eexRPQwz2GM,0
NtrbZ19g8HE,0
deblSm0P08g,0
hlRa4F9ITjc,0
aLrGE1PXwvE,0
DHD6P93Mm4o,0
wTAis2AJp9U,0
fuIWdVOdOsk,0
EVWmue2oLm0,0
_26yykM2lWo,0
QicVDfVRaUU,0
WVGPZHnwStQ,0
dgss8fMc3tw,0
4rJ_JaeuhIU,0
blSUaafmRW8,0
DPWWS1X2yzg,0
gf6H7bpADJk,0
cgaIBbeRLjY,0
I27qtgBuXQQ,0
IsP7RfoZUEg,0
3xYjGPW769k,0
Zo7ovV2mvCs,0
3HnTK0BHIyM,0
BGEyte9ik2I,0
dlgnVkYl9mI,0
eGZ7-RiAY10,0
sZUpUoVnzWg,0
Iy7O56IBM3Y,0
Gzl3gFoe1MM,0
PT6hEESB-DQ,0
XJQ03t-7kik,0
_OOmbWAtLdM,0
uU8eNnrFOk0,0
IpFYguz7cVc,0
Gl3f5RMExz4,0
5oHOUKi5AYM,0
a0UzyNFnU1w,0
lnCJxuyLyE8,0
84ybXpiEzdA,0
jkIrmOYjsNM,0
G-a28TgqUfw,0
EqCas2nGFKg,0
IzoPJx1_3sU,0
oDlUsTIC0So,0
nzEo59X-j10,0
fs5tsjrXKuY,0
KvHY_StVb1g,0
kXtJ8_dpJHE,0
ttcQAwSF3_I,0
HeLV1buhzpI,0
mTdYythI2c0,0
QKvUyOGEx4c,0
4ToZJeTagB4,0
2yejn0jckuo,0
GO98TbfgNPI,0
XJDq-e8g0W4,0
LuIUD6uW0x8,0
V83v6bIDwHM,0
ztdlQF4TVpg,0
I5c3MhyhT6A,0
DompeRBhqOQ,0
2_LU2u8b_dQ,0
J49epYLf4ns,0
Pv1IX-DbFD8,0
7t6E3-ogPcU,0
a72xyXbA6YI,0
4SHO4eewUAo,0
v81LfsxVfbg,0
yMHi4WxNK7g,0
Yg8yr8pGwlE,0
uroP7bsdQv8,0
Km7WSrfFnf0,0
1EewlcyiBC8,0
eYzpeHI00TU,0
okMXV9aflHc,0
G0lyuHArHhc,0
GKKPMkLc5q4,0
Cj0WMRrrvYk,0
RmOTqFKcHz0,0
ZV3eYs9K72Y,0
Qwlvt9PS5vg,0
UTI_ivUz6C4,0
TxDIxdDSnWw,0
i5Z22Qw5_vc,0
heCCwpa4wTI,0
EpEeSf0TKC8,0
ocMUVCdMKHY,0
_Gc3dkdnbM4,0
IaRMcAphWYM,0
RmoVe1-FKOk,0
4td8p5X2x3g,0
_JHC16bbkKg,0
Qjo8CLX6bjc,0
ZvarEh5EU-k,0
iR-QM7RA-4c,0
QvSoTeKT-jI,0
guvnNwCkhcs,0
QSSc_owx5tQ,0
Qd3XSEMzIpE,0
LIluVun_dJk,0
LjGokr5j9rY,0
-2S0mx876C8,0
3lbiGhKoDb8,0
ee-HDPGJDR0,0
GEQe3d9ybrY,0
HVF8a59C8w0,0
hwhOPfmN-R4,0
chZLeOb9DUI,0
cGIKpg3d25U,0
XEuuMQQTms0,0
T1AzDcJqEx0,0
9Qdp4GZbyTU,0
SEgZ753W2yA,0
xKOxKq7XFe8,0
f_PpcxH8CvQ,0
Kc79x7oWP8s,0
53f24_5o084,0
Ukkdum_jpdg,0
VcBK4S6vE4Y,0
uEVwdp3U-FQ,0
YWG4IwPnH1g,0
JaeStFbgX8s,0
_QrBieJ_wuc,0
eFrSaQbbRFU,0
bG1M2tqygjU,0
iRDym_9m2f0,0
xNCPE_6R4DI,0
P2nxwHshab8,0
hlgmDZhv1o8,0
Sp_p6sxQffE,0
5vpXiK2P_44,0
kLdAj93fuCg,0
cpMoLNKOL-k,0
BuSlgLoQszk,0
LclaxuISozc,0
l_DS-zKKP4o,0
C9fzPX2IZkg,0
pW9JI4yi16k,0
olkiw43JFOw,0
gbPlGnBmAxo,0
UOQDOj-aniU,0
fV2oowttz7M,0
cH4b0yM_0pU,0
m3ea7VjRNR4,0
8vqOUie1qIQ,0
ci4EVMQaRg8,0
JrToKBsEB4c,0
FR7FDxAydrI,0
eY4HRGVRHmg,0
Go8Ba-BDRvE,0
sWGAYdGMErM,0
nnC-y6sgcs4,0
rzrJ9wPcGDI,0
qTu6bhYUe5E,0
xVEBVlPx7jo,0
0-nJxMuqw3Q,0
0n277mRByWo,0
ReRA0Hn3gi4,0
7DG4M4ow-bY,0
VEeKiL7VkIY,0
LtJn7wqTlHQ,0
VxYQ_7maGQg,0
fTSYBUbQXzo,0
DX6qiEryKZw,0
lLaBlDbjcnU,0
22n29bkaYqM,0
1KbnIhcNDew,0
nSKk79H0-Lw,0
AoWR0mPw6Ek,0
fNWRvRqZGNc,0
JwJbjka8rSw,0
ckFSnFgSJ-A,0
PRZMVrt9jVA,0
xwQE_69dbgQ,0
eLZdpx0NFO8,0
O4nJYLDZb_I,0
3C1IpjsyHEA,0
Q6ayym4NCIw,0
loN1f9wHBQA,0
_guQOHmb0MI,0
3ED1Q9v2w_I,0
D19eQph1FDw,0
MMUQckEa_ME,0
80p2p3TAzHs,0
Wpmy1XWWt_w,0
68qaX3ZoZek,0
avDceNc9Sy0,0
pgxL0VwV3fE,0
RAiaRWxvaUg,0
8W403dpynOg,0
GQdlQNgGSsg,0
o5LsmKXZTCQ,0
ciF042MLvz0,0
VammZV6t5H4,0
HSzKX0GZmpA,0
wqRBKbE2YgI,0
M_qPoaHoGC0,0
iLIR8xbxu64,0
__0sM4LUoHs,0
tHOTT_wDifg,0
ER49MNmOo28,0
-FrxFBIUmos,0
LsBCiA7jkHI,0
StYsz-V6Ve0,0
QZMT7FJZtRc,0
0aLOzAz6gkg,0
bjH-ahdq8M8,0
zZGZwDOL-eY,0
LpYVJLhASis,0
0cTELQdajNY,0
MTDWCLDMOV8,0
gT5iFIS7beo,0
6GJ1UKLZD4Y,0
UBw5ujeODmE,0
U3WBtmtjosk,0
aR6X4ROamM4,0
azBQiZ6wCWM,0
c23CwGp8Swg,0
SU96mW7pLls,0
SyZJuAtKOQI,0
fDa3PMveVOE,0
sUa_1kq01pc,0
c9UmVKjxnqQ,0
b4yvKU7keG8,0
dA5YTkMKI9U,0
91-glMAJT-k,0
jyAVwXhbR5g,0
U2tiScLKvcU,0
bMoqukws9mY,0
ipKCHDizaQI,0
yPXSm_gKZQU,0
K3joq4z3Vv8,0
YIUa60aLoos,0
xl6oKiMPMwY,0
jlFiPfTHm4k,0
KHVZFbmt8xk,0
LiUn28-JdBQ,0
Fkn-poTw_gA,0
55JE3RkS84U,0
ifTk_guz7no,0
knYJFn4hPeU,0
DqBKJGcmr_A,0
IcGBLr99nYY,0
JmOLyt5CEYQ,0
IZm6eBHBMKA,0
tT-GpykWt88,0
UJM-Sxi5RT4,0
YsGwNffAE_8,0
J-xh_0p3m0s,0
e12HZJL_Om4,0
EdBBu8EFAg0,0
QDaRAVObSGM,0
unGQllAQD44,0
UxHEyYQAz8o,0
WOnLnbOPJK8,0
THw2rWyca5g,0
G1W-rg8B0MA,0
lKzu-WDSz3s,0
xCdxUzq3rPU,0
f0QgJBvfEpc,0
WA74G58qF04,0
Uj9VLoPgAJw,0
fAqf-uCyT2c,0
mFxbRpO26yc,0
aZdgtXnRWlw,0
zGsY2GGVSao,0
LUZQSOqla6I,0
tTOWS_URkOc,0
BX4YHnkNwxA,0
C3IPZXvIL68,0
jrDC1D1DarQ,0
DLMkk4tFI_w,0
B-s47tq8MH0,0
eSXLCDwHB4Y,0
40WEUGbeZsU,0
lnpMxDc_hSc,0
k35PRqFxrqo,0
cLFSpQXS9Mw,0
AdgsSUxv3YQ,0
pblI33b8l8o,0
Z1epa15Pzno,0
T0o_XvH-JJs,0
_hqMVjMmI3c,0
khWH1gdw1iM,0
hf9pKuTuPcA,0
FEiIzf5hb2o,0
hVOEesEabN8,0
2BTJ7AyXQBs,0
0loTD5XebiQ,0
I32vWaVaSTk,0
YBM4aFP11fQ,0
k1KzGLorCFs,0
YM_KYGx9sxA,0
vMUneNUMi2o,0
-AYwFAcUzSo,0
kTgap5MSkaw,0
x2nbTtb8VNA,0
g7o6edjOe_s,0
mHxGqJ4A_XA,0
XS2wQ4yUSgQ,0
Yvpz4sG6nOU,0
SMRIfGZ6OCA,0
-3Zm_4F5Og8,0
Wx3VU6MhsGg,0
AxbidyMn0gQ,0
GbdZ3uD4zeU,0
FpO85aT3Ry8,0
FUrdx1km6Lw,0
xGI-5cJK_Ls,0
H3z80CBJYRU,0
T4E4YNx8Ekg,0
AVO7Xr2Dods,0
7WvGef41TJA,0
NxP9CfxfJxg,0
QgtMM7Evhgc,0
mo2qyrKFTEU,0
L5w_KnCFULA,0
7xWaOuBnUE4,0
3tlSjRtu0ZI,0
2cDxkcrJeSY,0
eoNj4u9HpcM,0
imMV35JSALg,0
j37CuNVfNXU,0
reeJzVhM4Nc,0
KeprFzFcbYU,0
AzRqzYeJD-M,0
yA9iR8xtdJA,0
VV_FA010eOI,0
P2frakRI4Pk,0
AAV4_7YNYec,0
wzzXrjUqyrc,0
dHwXCP-W_Go,0
7ffo4AUEE6s,0
92CYiK30g7I,0
NiACTzuD2T8,0
uqxytXasHTg,0
Hjc8OYRLYx0,0
klsCc9vGvqs,0
FEaupvKZ790,0
8MmTZYyl8gc,0
JKXSoVy3ZvA,0
LTWkOJrKUbM,0
v0ru8uDM3Cg,0
GZg01_8SYvQ,0
9DNhMZBssg4,0
BAEG3OtEf3s,0
sw1_PQt-3fE,0
PRDrFfv0eQ8,0
md7xTbR_qdY,0
llsW_m5TnvQ,0
d1-AvA6W0G8,0
NkZIUOdgYh4,0
arLmZ7ZLZ0Q,0
K9dwZkoGOpg,0
9kBvHiHHtoM,0
V1F-0D3G0wc,0
wiKQzgFGvIw,0
Yu87_wL5PrI,0
C1cQ9r6ioY0,0
ckeykuC62Oc,0
Ri0TmUVyCLE,0
QdMnDfOVJks,0
M1bmYMDKlrI,0
UbI1zPxYmxk,0
m66t_j137lw,0
Cvwyf4tOrqc,0
Zw15c9YjZ-g,0
JZ-Wbx5otbs,0
8jLvFPn5iwE,0
WxG0EDS9gGA,0
TBZUDlM8flY,0
JwL6rUzoe6Q,0
GGa_vj__TsA,0
VI57Gxq5iBk,0
lQOQR6HCGyE,0
CqhPMjumTOA,0
Ccn2LQJc2MI,0
f6OhmrIdB-g,0
vCxGJelmAeg,0
